<?xml version="1.0" encoding="UTF-8"?>
<GenRun Id="impl_1" LaunchPart="xc7s50csga324-1" LaunchTime="1739871277">
  <File Type="PA-TCL" Name="uart.tcl"/>
  <File Type="REPORTS-TCL" Name="uart_reports.tcl"/>
  <File Type="INIT-TIMING" Name="uart_timing_summary_init.rpt"/>
  <File Type="OPT-DCP" Name="uart_opt.dcp"/>
  <File Type="OPT-DRC" Name="uart_drc_opted.rpt"/>
  <File Type="OPT-METHODOLOGY-DRC" Name="uart_methodology_drc_opted.rpt"/>
  <File Type="OPT-HWDEF" Name="uart.hwdef"/>
  <File Type="OPT-TIMING" Name="uart_timing_summary_opted.rpt"/>
  <File Type="OPT-RQA-PB" Name="uart_rqa_opted.pb"/>
  <File Type="PWROPT-DCP" Name="uart_pwropt.dcp"/>
  <File Type="PWROPT-DRC" Name="uart_drc_pwropted.rpt"/>
  <File Type="PWROPT-TIMING" Name="uart_timing_summary_pwropted.rpt"/>
  <File Type="PLACE-DCP" Name="uart_placed.dcp"/>
  <File Type="PLACE-IO" Name="uart_io_placed.rpt"/>
  <File Type="PLACE-CLK" Name="uart_clock_utilization_placed.rpt"/>
  <File Type="PLACE-UTIL" Name="uart_utilization_placed.rpt"/>
  <File Type="PLACE-UTIL-PB" Name="uart_utilization_placed.pb"/>
  <File Type="PLACE-CTRL" Name="uart_control_sets_placed.rpt"/>
  <File Type="PLACE-SIMILARITY" Name="uart_incremental_reuse_placed.rpt"/>
  <File Type="PLACE-PRE-SIMILARITY" Name="uart_incremental_reuse_pre_placed.rpt"/>
  <File Type="PLACE-TIMING" Name="uart_timing_summary_placed.rpt"/>
  <File Type="PLACE-RQA-PB" Name="uart_rqa_placed.pb"/>
  <File Type="POSTPLACE-PWROPT-DCP" Name="uart_postplace_pwropt.dcp"/>
  <File Type="POSTPLACE-PWROPT-TIMING" Name="uart_timing_summary_postplace_pwropted.rpt"/>
  <File Type="PHYSOPT-DCP" Name="uart_physopt.dcp"/>
  <File Type="PHYSOPT-DRC" Name="uart_drc_physopted.rpt"/>
  <File Type="PHYSOPT-TIMING" Name="uart_timing_summary_physopted.rpt"/>
  <File Type="ROUTE-ERROR-DCP" Name="uart_routed_error.dcp"/>
  <File Type="ROUTE-DCP" Name="uart_routed.dcp"/>
  <File Type="ROUTE-BLACKBOX-DCP" Name="uart_routed_bb.dcp"/>
  <File Type="ROUTE-DRC" Name="uart_drc_routed.rpt"/>
  <File Type="ROUTE-DRC-PB" Name="uart_drc_routed.pb"/>
  <File Type="ROUTE-DRC-RPX" Name="uart_drc_routed.rpx"/>
  <File Type="ROUTE-METHODOLOGY-DRC" Name="uart_methodology_drc_routed.rpt"/>
  <File Type="ROUTE-METHODOLOGY-DRC-RPX" Name="uart_methodology_drc_routed.rpx"/>
  <File Type="ROUTE-METHODOLOGY-DRC-PB" Name="uart_methodology_drc_routed.pb"/>
  <File Type="ROUTE-PWR" Name="uart_power_routed.rpt"/>
  <File Type="ROUTE-PWR-SUM" Name="uart_power_summary_routed.pb"/>
  <File Type="ROUTE-PWR-RPX" Name="uart_power_routed.rpx"/>
  <File Type="ROUTE-STATUS" Name="uart_route_status.rpt"/>
  <File Type="ROUTE-STATUS-PB" Name="uart_route_status.pb"/>
  <File Type="ROUTE-TIMINGSUMMARY" Name="uart_timing_summary_routed.rpt"/>
  <File Type="ROUTE-TIMING-PB" Name="uart_timing_summary_routed.pb"/>
  <File Type="ROUTE-TIMING-RPX" Name="uart_timing_summary_routed.rpx"/>
  <File Type="ROUTE-SIMILARITY" Name="uart_incremental_reuse_routed.rpt"/>
  <File Type="ROUTE-CLK" Name="uart_clock_utilization_routed.rpt"/>
  <File Type="ROUTE-BUS-SKEW" Name="uart_bus_skew_routed.rpt"/>
  <File Type="ROUTE-BUS-SKEW-PB" Name="uart_bus_skew_routed.pb"/>
  <File Type="ROUTE-BUS-SKEW-RPX" Name="uart_bus_skew_routed.rpx"/>
  <File Type="ROUTE-RQS-PB" Name="uart_rqs_routed.pb"/>
  <File Type="POSTROUTE-PHYSOPT-DCP" Name="uart_postroute_physopt.dcp"/>
  <File Type="POSTROUTE-PHYSOPT-BLACKBOX-DCP" Name="uart_postroute_physopt_bb.dcp"/>
  <File Type="POSTROUTE-PHYSOPT-TIMING" Name="uart_timing_summary_postroute_physopted.rpt"/>
  <File Type="POSTROUTE-PHYSOPT-TIMING-PB" Name="uart_timing_summary_postroute_physopted.pb"/>
  <File Type="POSTROUTE-PHYSOPT-TIMING-RPX" Name="uart_timing_summary_postroute_physopted.rpx"/>
  <File Type="POSTROUTE-PHYSOPT-BUS-SKEW" Name="uart_bus_skew_postroute_physopted.rpt"/>
  <File Type="POSTROUTE-PHYSOPT-BUS-SKEW-PB" Name="uart_bus_skew_postroute_physopted.pb"/>
  <File Type="POSTROUTE-PHYSOPT-BUS-SKEW-RPX" Name="uart_bus_skew_postroute_physopted.rpx"/>
  <File Type="BG-BIT" Name="uart.bit"/>
  <File Type="BG-BIN" Name="uart.bin"/>
  <File Type="BITSTR-MSK" Name="uart.msk"/>
  <File Type="BITSTR-RBT" Name="uart.rbt"/>
  <File Type="BITSTR-NKY" Name="uart.nky"/>
  <File Type="BITSTR-BMM" Name="uart_bd.bmm"/>
  <File Type="BITSTR-MMI" Name="uart.mmi"/>
  <File Type="PDI-FILE" Name="uart.pdi"/>
  <File Type="BOOT-PDI-FILE" Name="uart_boot.pdi"/>
  <File Type="PL-PDI-FILE" Name="uart_pld.pdi"/>
  <File Type="RCFI_FILE" Name="uart.rcfi"/>
  <File Type="CFI_FILE" Name="uart.cfi"/>
  <File Type="RNPI_FILE" Name="uart.rnpi"/>
  <File Type="NPI_FILE" Name="uart.npi"/>
  <File Type="RBD_FILE" Name="uart.rbd"/>
  <File Type="BITSTR-LTX" Name="debug_nets.ltx"/>
  <File Type="BITSTR-LTX" Name="uart.ltx"/>
  <File Type="BITSTR-SYSDEF" Name="uart.sysdef"/>
  <File Type="BG-BGN" Name="uart.bgn"/>
  <File Type="BG-DRC" Name="uart.drc"/>
  <File Type="RDI-RDI" Name="uart.vdi"/>
  <File Type="WBT-USG" Name="usage_statistics_webtalk.html"/>
  <File Type="ROUTE-RQS" Name="uart_routed.rqs"/>
  <File Type="POSTROUTE-PHYSOPT-RQS" Name="uart_postroute_physopted.rqs"/>
  <File Type="ROUTE-RQS-RPT" Name="route_report_qor_suggestions_0.rpt"/>
  <File Type="POSTROUTE-PHYSOPT-RQS-RPT" Name="postroute_physopt_report_qor_suggestions_0.rpt"/>
  <FileSet Name="sources" Type="DesignSrcs" RelSrcDir="$PSRCDIR/sources_1" RelGenDir="$PGENDIR/sources_1">
    <Filter Type="Srcs"/>
    <File Path="$PSRCDIR/sources_1/new/uart.v">
      <FileInfo>
        <Attr Name="UsedIn" Val="synthesis"/>
        <Attr Name="UsedIn" Val="implementation"/>
        <Attr Name="UsedIn" Val="simulation"/>
      </FileInfo>
    </File>
    <Config>
      <Option Name="DesignMode" Val="RTL"/>
      <Option Name="TopModule" Val="uart"/>
      <Option Name="TopAutoSet" Val="TRUE"/>
    </Config>
  </FileSet>
  <FileSet Name="constrs_in" Type="Constrs" RelSrcDir="$PSRCDIR/constrs_1" RelGenDir="$PGENDIR/constrs_1">
    <Filter Type="Constrs"/>
    <File Path="$PSRCDIR/constrs_1/new/Conn.xdc">
      <FileInfo>
        <Attr Name="UsedIn" Val="synthesis"/>
        <Attr Name="UsedIn" Val="implementation"/>
      </FileInfo>
    </File>
    <Config>
      <Option Name="ConstrsType" Val="XDC"/>
    </Config>
  </FileSet>
  <FileSet Name="utils" Type="Utils" RelSrcDir="$PSRCDIR/utils_1" RelGenDir="$PGENDIR/utils_1">
    <Filter Type="Utils"/>
    <File Path="$PSRCDIR/utils_1/imports/synth_1/uart.dcp">
      <FileInfo>
        <Attr Name="UsedIn" Val="synthesis"/>
        <Attr Name="UsedIn" Val="implementation"/>
        <Attr Name="UsedInSteps" Val="synth_1"/>
        <Attr Name="AutoDcp" Val="1"/>
      </FileInfo>
    </File>
    <Config>
      <Option Name="TopAutoSet" Val="TRUE"/>
    </Config>
  </FileSet>
  <Strategy Version="1" Minor="2">
    <StratHandle Name="Vivado Implementation Defaults" Flow="Vivado Implementation 2024"/>
    <Step Id="init_design"/>
    <Step Id="opt_design"/>
    <Step Id="power_opt_design"/>
    <Step Id="place_design"/>
    <Step Id="post_place_power_opt_design"/>
    <Step Id="phys_opt_design"/>
    <Step Id="route_design"/>
    <Step Id="post_route_phys_opt_design"/>
    <Step Id="write_bitstream"/>
  </Strategy>
</GenRun>
